{"cameraMode":{"drawMode":0,"name":"Shaded","section":"Shading Mode"},"sceneLighting":true,"audioPlay":false,"sceneViewState":{"showFog":false,"showMaterialUpdate":false,"showSkybox":false,"showFlares":false,"showImageEffects":false,"showParticleSystems":false},"in2DMode":false,"pivot":{"x":9.317314147949219,"y":-0.01260519027709961,"z":11.046637535095215},"rotation":{"x":-0.20427434146404267,"y":0.7679154276847839,"z":-0.29591286182403567,"w":-0.5301069021224976},"size":2.4247446060180666,"orthographic":false}