{"cameraMode":{"drawMode":0,"name":"Shaded","section":"Shading Mode"},"sceneLighting":true,"audioPlay":false,"sceneViewState":{"showFog":false,"showMaterialUpdate":false,"showSkybox":false,"showFlares":false,"showImageEffects":false,"showParticleSystems":false},"in2DMode":false,"pivot":{"x":-11.930147171020508,"y":-0.6964092254638672,"z":-19.612491607666017},"rotation":{"x":-0.14634966850280763,"y":0.04035482555627823,"z":-0.005974873900413513,"w":-0.9883943796157837},"size":3.6923389434814455,"orthographic":false}